View_NLL,Pos_NLL,PosView_Lambda,Best_X,View_Lambda,Shapley_Pos,PosView_PseudoR2,Status,View_PseudoR2,Pos_PseudoR2,Pos_EDoF,HD_EDoF,HD_PseudoR2,Best_Y,View_EDoF,Pos_Lambda,Cell_ID,PosView_EDoF,PosView_NLL,HD_Lambda,Null_NLL,HD_NLL,Shapley_View
1.0948747151777687,1.1063702629688394,56.82;431.4,64.51269687500003,191.75105923288402,-0.008369569554300571,-0.006256169104439158,,0.0015666059481616035,-0.008916364056000381,11.49513741951841,3.999589258687444,-0.000753778150517137,64.353540625,5.2453400959142416,25.251168294042344,XII-OF-I_T1_N1,12.978920748791547,1.1034531127540534,7155861248.802095,1.096592643736156,1.097419231311022,0.0021134004498614134
2.4952928934524015,2.490290616810321,191.8;25.25,76.10823958333332,16.83411219602823,0.0029866014756205206,0.003973597527659689,,0.002533934009698924,0.004533539433280276,12.854416472709662,5.213381396184949,0.0032516554405486175,89.42513333333333,7.811423762599719,127.83403948858935,XII-OF-II_T2_N1,18.01077746018752,2.4916913853231364,1456.1096060497132,2.501631863511099,2.493497418651863,0.0009869960520391685
0.6760664419259366,0.6712432542089963,127.8;1.073e+10,14.230016666666671,7155861248.802095,0.0008722375271333904,-0.005435329145377699,,-0.006393481624213049,0.0007863225754314307,6.103163038281221,7.982029483626045,-0.008726661766321975,45.401287499999995,3.998831958522166,85.22269299239291,XI-OF-I_T2_N1,8.580458729656726,0.6754227824140095,0.656840835571289,0.6717714832918398,0.6776338058107881,-0.006307566672511089
1.6602717059148915,1.6614101711896765,191.8;2.751e+11,77.41118333333333,275095345625.3352,-5.119391593472189e-05,0.0005827782867183773,,0.0007934842301210443,0.00010831811153322324,9.098070994688609,7.362329545624043,0.00013359579475780148,76.818490625,3.999886039212196,191.75105923288402,XI-OF-I_T3_N1,12.037951081388762,1.6606218128353112,16.83411219602823,1.6615901514970288,1.661368170040178,0.0006339722026530992
1.7088521622528177,1.691921664344631,0.001;4.988,76.67657343749993,4.987885095119475,0.004413585608116888,-0.0011891496659874878,,-0.010980993602414113,-0.0009646727201928496,70.2123083954369,4.705731392522831,-0.005789697608936439,44.89645,8.14076740222583,0.001,XI-OF-II_T3_N1,77.2647693359751,1.6923010957252649,2184.16440907457,1.6902910866441605,1.7000773609069109,-0.005602735274104376
0.36484250863841505,0.32659628711662964,1.478;0.1946,6.939762500000057,0.129746337890625,0.1337298089351412,0.16906049644046728,,0.06134041790714728,0.1597395393369624,14.041850694927424,5.764462714838185,0.07344989345650843,69.1126708333328,8.48845390490205,0.9852612533569336,XI-OF-IV_T1_N2,19.785285330105022,0.3229733747877835,16.83411219602823,0.38868458341942824,0.3601357421790839,0.035330687505326086
0.8497660770814937,0.8235259205199632,7.482;3.677e+07,-5.369308333333269,24512312.477955338,0.02821610946143227,0.02545442726493974,,-0.003190527163041912,0.02778726449488289,14.5859613170494,5.7947194230124115,0.004921090893783009,56.75371979166617,4.0000185398307195,4.987885095119475,XI-OF-IV_T1_N3,16.008473094891876,0.8255019817841823,56.815128661595274,0.8470634979823597,0.8428950215159827,-0.002761682196492532
1.8539452181805909,1.823975664853425,85.22;8.273e+07,20.086286666665725,24512312.477955338,0.014665406059148178,0.013187797527107747,,0.0013776854917203485,0.017520700082908958,14.37071297696539,8.790481224222706,0.0012716712276147346,82.12255624999986,4.000090732979953,25.251168294042344,XI-OF-V_T2_N1,13.1917359421562,1.8320197109932568,0.656840835571289,1.8565028952847615,1.8541420339688444,-0.0014776085320404309
0.20262013824903233,0.20231076452400648,0.1946;0.1946,45.87791250000001,0.129746337890625,0.0005335398431132177,-0.00046348111332839004,,-0.00242010137878923,-0.0008895405792344047,17.952688739451013,3.992833572140042,0.000668037583292036,55.92797499999999,7.867772127538319,0.129746337890625,XI-OF-VI_T1_N1,22.747372459154423,0.20222464471479132,10733791873.203144,0.20213096083202675,0.20199592975344402,-0.0009970209564416077
0.15994592756259113,0.14105834722414323,0.003375;2.217,26.908434375000006,2.2168378200531005,0.11124037283874721,0.10338229413106514,,-0.008562873725271203,0.11053557782115808,22.10567587736848,5.235193799534079,-0.024555837792056945,6.826274999999995,5.614144129249757,0.0033750000000000004,XI-OF-VI_T1_N3,26.641053550072733,0.14219277188396065,4.987885095119475,0.15858795889621435,0.16248221909064317,-0.00785807870768207
0.7649061772292175,0.7657126261579654,4.988;127.8,52.20107187500001,127.83403948858935,3.4722189639513346e-05,0.0011166836844139771,,0.006707325188386792,0.005660085883251842,13.922155596852821,3.9992178515094197,0.01025337968824569,62.06568749999998,5.117063907208534,4.987885095119475,XI-OF-VI_T2_N1,17.932715741887815,0.7692113697766949,275095345625.3352,0.7700712958285822,0.7621754624454324,0.0010819614947744638
0.10121306528910075,0.099470736111814,0.9853;0.02563,90.60494739583334,0.025628906250000003,0.05376162062582979,0.09091733652622491,,0.035351906476514205,0.05195781120194887,9.313271736093355,6.6183288766027335,0.03533787965356472,43.82831249999997,8.234828839180974,0.9852612533569336,IX-OF-V_T2_N3,16.435750963079432,0.0953830143749936,0.43789389038085935,0.10492226747622403,0.1012145370151701,0.037155715900395125
0.24577742894009774,0.21872496729638807,0.1946;431.4,20.870304166666664,431.43988327398904,0.10972075833063566,0.1089374456722616,,-0.003953237705008883,0.10655083328400083,17.394839106584595,4.492502795611534,-0.02704326646225108,31.52433124999997,4.078640273315119,0.1946195068359375,IX-OF-V_T2_N5,20.425382732057745,0.21814070158098067,56.815128661595274,0.2448096382476276,0.2514300905272855,-0.000783312658374058
0.16502665309316109,0.15706764212476634,0.4379;0.01709,65.24689531249999,0.017085937500000002,0.0362482766383701,0.023736405536709193,,-0.011020592611185487,0.037739555128845526,14.268217993438364,4.947655246528323,-4.3750094809835716e-05,68.43627499999995,8.644904828400234,0.43789389038085935,IX-OF-V_T2_N6,21.790192235471984,0.15935334523194514,16.83411219602823,0.1632277861590762,0.16323492739019627,-0.01251187110166091
0.20749185399839606,0.19352398086753167,0.4379;11.22,71.58640833333334,11.222741464018819,0.06829776122571429,0.0693380982145162,,0.0008953031484183471,0.06815272738533074,15.946936950623344,5.30042677531595,-0.0009600056145031566,74.58826562499995,5.492577503945069,0.43789389038085935,IX-OF-V_T2_N9,20.32886123390931,0.1932778056750835,16.83411219602823,0.20767778857636504,0.20787716041940593,0.0010403369888019043
0.5912731202750934,0.46537813942407763,0.6568;0.1946,46.22835625,0.1946195068359375,0.2125888318294495,0.21222474010786796,,-0.00014582573968935364,0.21280709781134166,15.49212994394575,4.423008610977009,0.0032401014433367514,25.372340624999975,8.11022704546779,0.656840835571289,IX-OF-V_T3_N1,22.51769285127599,0.46572242167531286,191.75105923288402,0.591186910006647,0.5892714044462527,-0.0003640917215815276
0.22231853126085735,0.22095420600137639,3.325;5.434e+10,44.00915,54339821358.09091,0.0128295783155708,0.019566256257438353,,0.007154157128371974,0.013247057502075221,9.497837853074373,4.225082184901425,0.004920208068136422,81.72613125000049,3.996085857405351,3.3252567300796505,IX-OF-VI_T3_N2,12.391101167008447,0.21953920789656042,287.626588849326,0.2239204936567403,0.22281875823722933,0.006736677941867553
0.38449120147969307,0.3438657457823929,7.482;5.434e+10,27.529059374998564,54339821358.09091,0.10458826835150148,0.10342029606575465,,-0.0009080102280167868,0.10484823040923152,10.216658355497009,3.9983385543557133,0.0004228661260669009,20.06145277777737,3.9983090838267294,7.481827642679213,IX-OF-VII_T2_N1,13.172905287322275,0.3444142759027907,7155861248.802095,0.3841423962548787,0.38397995544791635,-0.0011679722857468322
0.5518858502986617,0.5581268038700838,0.6568;2.751e+11,32.96750833333389,275095345625.3352,-0.007195983480191681,-0.0031328826864824855,,0.004362197703366766,-0.006896886570534111,17.868227389578305,4.674193843678646,0.0016185953780195605,45.42252500000092,3.9979252585219562,0.656840835571289,IX-OF-VIII_T3_N2,20.711230252624908,0.5560404020889486,127.83403948858935,0.554303833206844,0.5534066395843968,0.004063100793709196
0.19596693664500475,0.20096815683512678,25.25;7.156e+09,78.32168333333492,7155861248.802095,-0.009962284389020581,0.005348913074339268,,0.009688310315472015,-0.015585171536908415,5.3336137532671275,3.9940948283428397,0.005799148103141638,70.4286640625,3.9937394122319994,25.251168294042344,X-OF-I_T1_N1,8.27410652793404,0.19682563435915723,1413503456.5535004,0.19788409920459654,0.1967365400060523,0.015311197463359849
0.013626422956179966,0.013485236687346924,3.677e+07;2.751e+11,3.982422916667229,275095345625.3352,0.010867964702085675,0.01122888185730464,,-0.01407505898186212,-0.0035680114349954106,3.5771819811801437,6.884043275463154,-0.019148507117304314,30.295573437500007,3.8023634925099628,36768468.716933005,X-OF-I_T1_N2,6.355744175376345,0.013286406507418446,0.03844335937500001,0.013437292274854865,0.01369459636161722,0.00036091715521896495
2.656646940056771,2.628750013160814,1.834e+11;191.8,44.53111041666779,191.75105923288402,0.00016094564257090882,-0.010290116335577748,,-0.0105900796381031,2.1927982616465336e-05,3.99979783533536,8.740673097722581,-0.014726312510116912,83.80636093750002,6.414209462786202,183396897083.55682,X-OF-I_T1_N4,9.390804250953892,2.6558583942300906,2.2168378200531005,2.628807657609432,2.6675203007043766,-0.010451061978148657
0.2925546964537663,0.29590035075818727,0.1297;5.434e+10,71.56356875000148,54339821358.09091,-0.01144741280410455,-0.011477452604587546,,0.0016284441102685232,-0.009788928893353033,23.458042475889876,3.9967160135984066,0.0008211245649030197,83.80636093750002,3.9964470210819565,0.129746337890625,X-OF-I_T1_N5,26.042838765383085,0.29639514203993106,7155861248.802095,0.29303188249693934,0.29279126681992135,-3.0039800482994927e-05
0.25904616995969043,0.2241077812179466,0.9853;2.751e+11,71.56356875000148,275095345625.3352,0.14136698897511363,0.14983451463684727,,0.014634097310373462,0.14753356062375345,13.612279213170448,5.198506085769545,0.0048957689458106746,30.295573437500007,3.995924804433115,0.9852612533569336,X-OF-I_T1_N6,16.436526074176307,0.2235028756466067,25.251168294042344,0.2628933772242427,0.261606311991969,0.008467525661733644
0.2551103766434151,0.2551973511215565,6.282e+08;4.988,51.28922500000121,2.2168378200531005,-0.0019683008758736853,-0.0035960796601788303,,0.001192983368616285,0.0008524612770477447,3.9492947381504693,5.644019103538446,-0.0012390700095499252,90.49520937500002,5.71338473486894,279210559.31920993,X-OF-I_T2_N1,8.172098277318685,0.25633357557243897,2.2168378200531005,0.2554150825890376,0.2557315597578604,-0.001627778784305145
1.461024987153461,1.4659324261755469,37.88;85.22,-29.80814999999991,4.987885095119475,0.021478417369344915,0.04620844500161769,,0.031942359091588046,0.028690748828660184,24.390306224087492,8.580170081143953,0.033002571647035905,117.25060312500001,7.76523223749354,2.2168378200531005,X-OF-I_T2_N4,16.525215422437476,1.4394941328916504,0.9852612533569336,1.5092334644272374,1.4594248788853732,0.024730027632272777
,,,,,,,skipped_low_spikes,,,,,,,,,XI-OF-VII_T1_N1,,,,,,
,,,,,,,skipped_low_spikes,,,,,,,,,XI-OF-VII_T1_N2,,,,,,
,,,,,,,skipped_low_spikes,,,,,,,,,XI-OF-VII_T1_N3,,,,,,
,,,,,,,skipped_low_spikes,,,,,,,,,XI-OF-VII_T1_N4,,,,,,
,,,,,,,skipped_low_spikes,,,,,,,,,XI-OF-VII_T2_N1,,,,,,
0.5332539058778687,0.5401578148537751,7372;2.217,51.28922500000121,2.2168378200531005,-0.017802695908870847,-0.0225635072594621,success,-0.007347562805570584,-0.020389447363850177,4.024019519775787,4.022972537388529,-0.005367805275770632,90.49520937500002,6.9624748114030215,7371.5548806266725,X-OF-I_T3_N4,9.97623593043754,0.5413086846962738,7371.5548806266725,0.5293643679374174,0.5322058927844369,-0.004760811350591254
0.22118341339084527,0.2228759618296781,1.478;7372,64.80545416666807,7371.5548806266725,-0.005336610681321352,-0.0030401563549471433,success,0.002505727871176089,-0.005127337136519472,12.461643744000131,4.156755643187958,0.0012750676491700697,90.49520937500002,4.010862790972354,1.4778918800354004,X-OF-I_T3_N5,15.393524541445577,0.22241315238552287,431.43988327398904,0.22173903106110265,0.22145629879603831,0.0022964543263742088
0.19185420915439966,0.15660083367775324,0.2919;0.01139,3.982422916667229,0.011390625000000001,0.18839164331964542,0.19449607756683107,success,0.007965397278707709,0.19025260635116747,15.433591225721202,4.349072809003085,0.028010445515785132,36.98442187500001,8.769420006553448,0.29192926025390625,X-OF-I_T3_N7,22.875454011875213,0.15578016894295738,127.83403948858935,0.19339467456892756,0.1879776035738716,0.006104434247185653
0.9645504798571236,0.9125656080385782,2.217;0.4379,31.01488125000093,0.43789389038085935,0.05936343069715366,0.06512284608681851,success,0.00540721024415769,0.05901122555164651,17.83866261487354,8.017889179372634,0.005005336521118786,10.229028125000003,8.442985247748199,2.2168378200531005,X-OF-I_T3_N8,25.228999502631126,0.906638592901708,0.9852612533569336,0.9697943618653282,0.9649402147279086,0.005759415389664846
0.05786854958061152,0.04896608785411364,0.4379;25.25,89.06791666666754,16.83411219602823,0.16330032024629,0.17916664347545852,success,0.04163681593166213,0.18907081294878358,11.536219698957039,5.678178420131205,0.016529631307393045,7.702487500000299,5.118341242385026,0.29192926025390625,X-OF-II_T1_N2,14.275988769445519,0.04956412827527095,4.987885095119475,0.06038269263950054,0.05938458899282196,0.015866323229168533
0.2119989343132957,0.2059926146460697,0.1946;0.9853,32.709766666667136,0.9852612533569336,0.03616985369264475,0.04417161318276497,success,0.005779531656247894,0.03394762585877242,19.736623124903122,5.544891776267094,0.009999098697581088,13.978460416666945,6.916599767459985,0.1946195068359375,X-OF-II_T1_N3,25.58399926630026,0.2038125404209536,11.222741464018819,0.2132313114277959,0.2110991904994147,0.00800175949012022
0.09270326042222363,0.0856915237975829,0.6568;0.005063,1.3996833333335772,0.0033750000000000004,0.05486438863911075,0.033017832736643826,success,-0.014207328336009795,0.06250361620556788,11.301279146827758,5.072642569559141,-0.0005053896357507526,70.46221666666679,8.799422958082328,0.43789389038085935,X-OF-II_T1_N4,17.75175846834926,0.08838666135703797,7.481827642679213,0.09140464462460557,0.09145083958465833,-0.021846555902466924
0.03697988190058807,0.03602615809349285,0.4379;11.22,45.23380000000056,11.222741464018819,0.013469007805213484,0.0007354543086461884,success,-0.015983469453260568,0.010219091848520212,8.97150918845467,4.001436206799081,-0.016968898354467132,70.46221666666679,4.60866443803938,0.43789389038085935,X-OF-II_T1_N5,12.504609157678221,0.036371344611538514,7371.5548806266725,0.03639811376113073,0.03701574965383769,-0.012733553496567296
1.1688330466045656,1.1631703778070066,0.2919;1456,51.49581666666727,970.7397373664754,0.0032946701976272474,0.0017298493120949665,success,-0.0030489104581779003,0.001810580624981628,37.17630602319777,8.999185497032823,0.0011665012930873742,70.46221666666679,4.596695468440447,0.1946195068359375,X-OF-II_T2_N2,38.01766373298517,1.1632644524083684,0.001,1.1652802115807692,1.163920910707151,-0.001564820885532281
0.09343169789936466,0.08873584080743951,0.1946;0.4379,7.661700000000291,0.1946195068359375,0.04543638531548794,0.040324777719967564,success,-0.005734354906522743,0.04481363800448557,16.185990112329883,4.923700272205855,-0.015726190516172966,20.254433333333598,6.965989593835397,0.08649755859375001,X-OF-II_T3_N1,18.724599236927716,0.08915285135895291,7.481827642679213,0.09289898216517482,0.09435992925746292,-0.005111607595520373
0.9144630253851949,0.8772220815850079,3.325;7372,38.971783333333846,7371.5548806266725,0.04011747254381243,0.03961464917857238,success,0.002555926392834418,0.04317622230188689,16.49541123827061,5.05509208917762,-0.003663062095454972,83.0141625000001,4.053915058017097,3.3252567300796505,X-OF-II_T3_N2,19.480545245171047,0.8804873543152356,191.75105923288402,0.9168063148424178,0.9201646333031909,-0.000502823365240046
0.09788142548608135,0.08085829087855491,1.478;7372,82.80590000000082,7371.5548806266725,0.1595303975510069,0.14122858520656723,success,-0.02251850809018463,0.15531370180526194,8.45645471961194,4.0032417920735295,-0.008109322380797312,20.254433333333598,4.003238966896623,1.4778918800354004,X-OF-II_T3_N3,11.444824903144944,0.08220660025379832,7371.5548806266725,0.09572582277156039,0.09650209432858203,-0.018301812344439672
0.07268955854876995,0.0694451823349218,7372;7372,20.18573333333371,7371.5548806266725,-0.0006216101526921314,-0.04820803523687078,success,-0.05223668270125681,-0.005271867769770289,4.0035296022017315,5.486255468694843,-0.03339790805579734,76.73818958333344,4.004728108404284,7371.5548806266725,X-OF-II_T3_N5,7.008026434361343,0.07241125556755942,4.987885095119475,0.06908099645620075,0.07138815722424781,-0.04758642508417865
0.1059093282372983,0.10718671368713033,0.1297;11.22,121.0296,7.481827642679213,0.006604571458867281,0.024824204775848346,success,0.03698339527097272,0.025368333412858934,20.317353633704577,5.115481434184731,0.0386748737522955,1.5088202380948275,5.530788569512753,0.08649755859375001,X-OF-III_T1_N1,22.431848307861948,0.10724655512510499,16.83411219602823,0.10997663769992727,0.10572330512118064,0.018219633316981065
0.6829447709041958,0.6793221333531146,7.482;191.8,20.351150000000025,191.75105923288402,0.009884844075677801,0.014489056387564259,success,0.0044878077643799585,0.009768439528171302,11.948425680482055,5.572670561331047,-0.0005366713520493782,14.06170833333297,4.883187163231549,7.481827642679213,X-OF-III_T1_N2,15.81372880880907,0.6760836791938294,56.815128661595274,0.6860235125503665,0.6863916817163845,0.0046042123118864575
1.632537549670551,1.6104540633243785,2.217;7372,20.351150000000025,7371.5548806266725,0.01610230820915237,0.018692074058719643,success,0.0010756251193081434,0.014588167478893244,25.423069458241706,4.43866428199342,-8.361791264088758e-05,76.82614880952366,4.178932827354217,2.2168378200531005,X-OF-III_T1_N3,28.482705137106215,1.6037470675193088,3276.2466136118546,1.6342954388969992,1.6344320952702385,0.0025897658495672715
0.45494878386583143,0.45859222183832227,16.83;85.22,57.09843437499987,85.22269299239291,-0.0019487333627124515,0.0040656494983426494,success,0.0056616664977499065,-0.002301449726017646,8.727844826172584,4.943810214409078,0.0009741576805847307,64.20101874999985,4.9501357789407345,16.83411219602823,VIII-OF-III_T3_N1,12.61284025830384,0.45567902423618106,85.22269299239291,0.4575392183296551,0.45709350298595053,0.006014382861055101
1.8003574368862152,1.7892383518745318,431.4;2.217,14.671459375000335,2.2168378200531005,0.00551863529031521,0.0048558974351923245,success,-0.0008630297245406648,0.005318343420897431,6.575659631112852,5.3940332123998145,-0.0013145462969930133,89.47036614583332,8.253957534840254,431.43988327398904,VIII-OF-IV_T1_N1,13.779499584222396,1.7900702020326413,287.626588849326,1.798805014689885,1.8011696271609583,-0.0006627378551228857
0.8167020959743055,0.7771760449534283,7.482;0.4379,46.400287500000104,0.43789389038085935,0.047411409627033,0.04628309603959313,success,-0.002945972678471964,0.0455937505360009,13.202676120463815,4.442856824046617,0.003371469236483904,39.19141197916666,8.34273389058455,7.481827642679213,VIII-OF-IV_T3_N1,20.500513607629937,0.77661470871701,647.1598249109836,0.8143031810509367,0.8115577829268524,-0.0011283135874398664
0.2164919794911143,0.19979402095194096,0.9853;0.9853,21.01722500000029,0.656840835571289,0.06579215384769599,0.05414761838909987,success,-0.003980343694608424,0.07345634561168368,15.702386720512347,7.091934721908608,-0.003381893980838324,7.767065625000001,7.066487986805877,0.656840835571289,VIII-OF-IV_T3_N2,19.90022103007463,0.20395763292315566,0.656840835571289,0.21563368331936886,0.21636293357505262,-0.011644535458596117
0.15519617601511737,0.15523573347597253,0.05767;56.82,84.4571906249992,56.815128661595274,0.002401884062654236,0.005056752365888206,success,0.0074644357526706395,0.007211451512090905,24.657307004599787,4.005698742218337,-0.00046048710573409757,14.04064494047621,4.4568973548713355,0.057665039062500006,VIII-OF-VIII_T3_N1,28.03071585392169,0.1555726494314298,7371.5548806266725,0.1563633401215275,0.15643534342346296,0.0026548683032339704
0.17187136468838143,0.17445545766188594,3.325;85.22,52.67695364583277,85.22269299239291,-0.017245809982522786,-0.019453813525863284,success,-0.00018394892225148674,-0.015221755361433775,9.51088509615499,6.10672717045784,-0.005493651383398301,51.78649672619051,4.4715412578488785,3.3252567300796505,VIII-OF-VIII_T4_N4,12.88498256414474,0.17518269349979843,3.3252567300796505,0.17183975495065829,0.1727837826581658,-0.0022080035433404976
